{"cameraMode":{"drawMode":0,"name":"Shaded","section":"Shading Mode"},"sceneLighting":true,"audioPlay":false,"sceneViewState":{"showFog":true,"showMaterialUpdate":true,"showSkybox":true,"showFlares":true,"showImageEffects":true,"showParticleSystems":true},"in2DMode":false,"pivot":{"x":0.0,"y":4.449999809265137,"z":-10.119999885559082},"rotation":{"x":-0.0011081324191763998,"y":0.9988342523574829,"z":-0.03928418457508087,"w":-0.028174007311463357},"size":10.368597030639649,"orthographic":false}