{"cameraMode":{"drawMode":0,"name":"Shaded","section":"Shading Mode"},"sceneLighting":false,"audioPlay":false,"sceneViewState":{"showFog":true,"showMaterialUpdate":true,"showSkybox":false,"showFlares":true,"showImageEffects":true,"showParticleSystems":true},"in2DMode":false,"pivot":{"x":1.5198783874511719,"y":1.5002321004867554,"z":1.515110731124878},"rotation":{"x":-0.2478688359260559,"y":0.7191899418830872,"z":-0.313702791929245,"w":-0.5682594776153565},"size":2.6388096809387209,"orthographic":false}