{"cameraMode":{"drawMode":0,"name":"Shaded","section":"Shading Mode"},"sceneLighting":true,"audioPlay":false,"sceneViewState":{"showFog":true,"showMaterialUpdate":true,"showSkybox":true,"showFlares":true,"showImageEffects":true,"showParticleSystems":true},"in2DMode":false,"pivot":{"x":3.0884313583374025,"y":2.0242645740509035,"z":-5.206092357635498},"rotation":{"x":0.000025662227926659398,"y":-0.9998816847801209,"z":-0.018604377284646035,"w":0.005352979991585016},"size":0.6480125784873962,"orthographic":false}