{"cameraMode":{"drawMode":0,"name":"Shaded","section":"Shading Mode"},"sceneLighting":false,"audioPlay":false,"sceneViewState":{"showFog":true,"showMaterialUpdate":true,"showSkybox":false,"showFlares":true,"showImageEffects":true,"showParticleSystems":true},"in2DMode":false,"pivot":{"x":-23.5,"y":1.8750004768371583,"z":4.000000476837158},"rotation":{"x":-0.16060630977153779,"y":0.7167911529541016,"z":-0.17564553022384644,"w":-0.6554138660430908},"size":9.558542251586914,"orthographic":false}