{"cameraMode":{"drawMode":0,"name":"Shaded","section":"Shading Mode"},"sceneLighting":true,"audioPlay":false,"sceneViewState":{"showFog":true,"showMaterialUpdate":true,"showSkybox":true,"showFlares":true,"showImageEffects":true,"showParticleSystems":true},"in2DMode":false,"pivot":{"x":0.14462882280349732,"y":1.6479374170303345,"z":0.5916452407836914},"rotation":{"x":0.15826533734798432,"y":-0.10820119082927704,"z":0.017449043691158296,"w":0.9813364148139954},"size":1.7223560810089112,"orthographic":false}