{"cameraMode":{"drawMode":0,"name":"Shaded","section":"Shading Mode"},"sceneLighting":false,"audioPlay":false,"sceneViewState":{"showFog":true,"showMaterialUpdate":true,"showSkybox":false,"showFlares":true,"showImageEffects":true,"showParticleSystems":true},"in2DMode":false,"pivot":{"x":-1.4999995231628419,"y":3.7499990463256838,"z":1.5000009536743165},"rotation":{"x":-0.3017999231815338,"y":0.6487230062484741,"z":-0.3136167526245117,"w":-0.6242789626121521},"size":2.1213462352752687,"orthographic":false}